"Country","Year","Identifier","Value"
"Afghanistan","2012","GDP","717.563696375135"
"Afghanistan","2010","GDP","574.98755509538"
"Afghanistan","2005","GDP","271.387210637467"
"Afghanistan","2000","GDP","179.265054680216"
"Afghanistan","1995","GDP","192.952496971175"
"Afghanistan","1990","GDP","300.110130470131"
"Albania","2012","GDP","4285.30179022957"
"Albania","2010","GDP","4110.07207542044"
"Albania","2005","GDP","2626.0739335764"
"Albania","2000","GDP","1156.5786860453"
"Albania","1995","GDP","791.619340837599"
"Albania","1990","GDP","672.287322280712"
"Algeria","2012","GDP","5583.61855994264"
"Algeria","2010","GDP","4473.48748530038"
"Algeria","2005","GDP","3102.03703144815"
"Algeria","2000","GDP","1753.06235261479"
"Algeria","1995","GDP","1452.08458325861"
"Algeria","1990","GDP","2383.08538567992"
"Andorra","2012","GDP","39666.3367441758"
"Andorra","2010","GDP","39639.3294374221"
"Andorra","2005","GDP","39990.2844759324"
"Andorra","2000","GDP","21433.2417585139"
"Andorra","1995","GDP","22825.1697301929"
"Andorra","1990","GDP","23340.4342529572"
"Angola","2012","GDP","5529.05552306517"
"Angola","2010","GDP","3928.82364401928"
"Angola","2005","GDP","2063.92121546551"
"Angola","2000","GDP","810.654643141422"
"Angola","1995","GDP","509.269306940677"
"Angola","1990","GDP","1228.51003049962"
"Anguilla","2012","GDP","20194.8043585934"
"Anguilla","2010","GDP","19469.4018604601"
"Anguilla","2005","GDP","18130.4463377677"
"Anguilla","2000","GDP","13545.1878280593"
"Anguilla","1995","GDP","10577.7647863015"
"Anguilla","1990","GDP","9071.45623905643"
"Antigua and Barbuda","2012","GDP","13525.6161993427"
"Antigua and Barbuda","2010","GDP","13017.3299180441"
"Antigua and Barbuda","2005","GDP","12079.8652464613"
"Antigua and Barbuda","2000","GDP","10094.7485709489"
"Antigua and Barbuda","1995","GDP","8446.06546033077"
"Antigua and Barbuda","1990","GDP","7422.03635499939"
"Argentina","2012","GDP","14480.7207907086"
"Argentina","2010","GDP","11274.2473406214"
"Argentina","2005","GDP","5694.41927514971"
"Argentina","2000","GDP","9184.69869591743"
"Argentina","1995","GDP","8828.19135874537"
"Argentina","1990","GDP","5169.59515715978"
"Armenia","2012","GDP","3343.43783770128"
"Armenia","2010","GDP","3124.78411540011"
"Armenia","2005","GDP","1625.40784159646"
"Armenia","2000","GDP","621.424838647389"
"Armenia","1995","GDP","399.182831348929"
"Armenia","1990","GDP","609.923200105643"
"Aruba","2012","GDP","24737.6372784736"
"Aruba","2010","GDP","23529.2655619368"
"Aruba","2005","GDP","23302.8319880055"
"Aruba","2000","GDP","20619.5658496388"
"Aruba","1995","GDP","16441.3812596351"
"Aruba","1990","GDP","12307.5097721316"
"Australia","2012","GDP","68734.441120663"
"Australia","2010","GDP","58270.0126257037"
"Australia","2005","GDP","37590.1859595905"
"Australia","2000","GDP","21400.051719324"
"Australia","1995","GDP","21637.5641837838"
"Australia","1990","GDP","18943.4253064574"
"Austria","2012","GDP","48178.5979208039"
"Austria","2010","GDP","46498.1550839404"
"Austria","2005","GDP","38208.4500453201"
"Austria","2000","GDP","24397.5140466047"
"Austria","1995","GDP","30161.6433544772"
"Austria","1990","GDP","21548.7271521648"
"Azerbaijan","2012","GDP","7443.26066387912"
"Azerbaijan","2010","GDP","5813.91439203892"
"Azerbaijan","2005","GDP","1546.7483679766"
"Azerbaijan","2000","GDP","649.517710225968"
"Azerbaijan","1995","GDP","396.479577851709"
"Azerbaijan","1990","GDP","904.776421736051"
"Bahamas","2012","GDP","22112.6197863519"
"Bahamas","2010","GDP","21920.5202034199"
"Bahamas","2005","GDP","23405.8797696534"
"Bahamas","2000","GDP","21241.2345421648"
"Bahamas","1995","GDP","14308.5967960136"
"Bahamas","1990","GDP","14435.549879456"
"Bahrain","2012","GDP","23063.0347171076"
"Bahrain","2010","GDP","20386.0194148668"
"Bahrain","2005","GDP","18418.0726099591"
"Bahrain","2000","GDP","13590.5210900261"
"Bahrain","1995","GDP","12039.3958305887"
"Bahrain","1990","GDP","9898.55766895953"
"Bangladesh","2012","GDP","830.229790453155"
"Bangladesh","2010","GDP","755.244900756262"
"Bangladesh","2005","GDP","403.191114167151"
"Bangladesh","2000","GDP","346.35382471155"
"Bangladesh","1995","GDP","319.739452851977"
"Bangladesh","1990","GDP","265.481589356156"
"Barbados","2012","GDP","15385.325662334"
"Barbados","2010","GDP","15905.7253027908"
"Barbados","2005","GDP","14223.0478116002"
"Barbados","2000","GDP","11568.0519422765"
"Barbados","1995","GDP","8585.19334848016"
"Barbados","1990","GDP","7814.7203637844"
"Belarus","2012","GDP","6702.73914843148"
"Belarus","2010","GDP","5817.55576520578"
"Belarus","2005","GDP","3133.62671398067"
"Belarus","2000","GDP","1046.79817238326"
"Belarus","1995","GDP","1363.79431722046"
"Belarus","1990","GDP","1844.75377784978"
"Belgium","2012","GDP","44927.9363473804"
"Belgium","2010","GDP","44240.5916470588"
"Belgium","2005","GDP","36676.4864855199"
"Belgium","2000","GDP","23168.672876347"
"Belgium","1995","GDP","28495.7491117226"
"Belgium","1990","GDP","20687.9062865884"
"Belize","2012","GDP","4674.29344652769"
"Belize","2010","GDP","4344.13661153761"
"Belize","2005","GDP","3933.30442955531"
"Belize","2000","GDP","3364.46458117681"
"Belize","1995","GDP","2834.26426107208"
"Belize","1990","GDP","2161.80046067224"
"Benin","2012","GDP","807.686055351881"
"Benin","2010","GDP","732.955077006472"
"Benin","2005","GDP","587.076457549433"
"Benin","2000","GDP","369.702296141167"
"Benin","1995","GDP","391.739558557391"
"Benin","1990","GDP","398.488448000146"
"Bermuda","2012","GDP","88388.847560107"
"Bermuda","2010","GDP","91555.3522844545"
"Bermuda","2005","GDP","74751.7917357656"
"Bermuda","2000","GDP","54348.6991645194"
"Bermuda","1995","GDP","40781.6781829202"
"Bermuda","1990","GDP","33397.6444666918"
"Bhutan","2012","GDP","2452.14892722295"
"Bhutan","2010","GDP","2201.2815986261"
"Bhutan","2005","GDP","1257.54935402777"
"Bhutan","2000","GDP","778.363467794103"
"Bhutan","1995","GDP","568.149195804667"
"Bhutan","1990","GDP","510.909511770877"
"Bolivia (Plurinational State of)","2012","GDP","2645.29026877696"
"Bolivia (Plurinational State of)","2010","GDP","1981.17572446314"
"Bolivia (Plurinational State of)","2005","GDP","1046.43247682816"
"Bolivia (Plurinational State of)","2000","GDP","1006.99608590047"
"Bolivia (Plurinational State of)","1995","GDP","887.458576759725"
"Bolivia (Plurinational State of)","1990","GDP","709.948838035096"
"Bosnia and Herzegovina","2012","GDP","4494.61136033994"
"Bosnia and Herzegovina","2010","GDP","4475.27126085396"
"Bosnia and Herzegovina","2005","GDP","2928.2225918851"
"Bosnia and Herzegovina","2000","GDP","1501.29814404147"
"Bosnia and Herzegovina","1995","GDP","524.360996714522"
"Bosnia and Herzegovina","1990","GDP","1713.00338723546"
"Botswana","2012","GDP","6935.53888131233"
"Botswana","2010","GDP","6243.98548710654"
"Botswana","2005","GDP","5327.9148059297"
"Botswana","2000","GDP","3333.16920523004"
"Botswana","1995","GDP","3001.09541368932"
"Botswana","1990","GDP","2696.94620824261"
"Brazil","2012","GDP","11922.7071489971"
"Brazil","2010","GDP","11124.0768786478"
"Brazil","2005","GDP","4733.18355354352"
"Brazil","2000","GDP","3711.09448961929"
"Brazil","1995","GDP","4780.51404568429"
"Brazil","1990","GDP","2705.55561412838"
"British Virgin Islands","2012","GDP","31894.8826768616"
"British Virgin Islands","2010","GDP","32839.8780443008"
"British Virgin Islands","2005","GDP","37550.1748025379"
"British Virgin Islands","2000","GDP","36380.3710700964"
"British Virgin Islands","1995","GDP","21546.8113975577"
"British Virgin Islands","1990","GDP","8893.69986025882"
"Brunei Darussalam","2012","GDP","46973.808638099"
"Brunei Darussalam","2010","GDP","34851.3769806414"
"Brunei Darussalam","2005","GDP","29183.7898044715"
"Brunei Darussalam","2000","GDP","20116.8616686957"
"Brunei Darussalam","1995","GDP","17780.4862111323"
"Brunei Darussalam","1990","GDP","15181.4337589832"
"Bulgaria","2012","GDP","7335.26980366324"
"Bulgaria","2010","GDP","6741.92621392871"
"Bulgaria","2005","GDP","3881.6255825865"
"Bulgaria","2000","GDP","1643.42698083235"
"Bulgaria","1995","GDP","1726.92139197875"
"Bulgaria","1990","GDP","2349.5937640123"
"Burkina Faso","2012","GDP","673.026854158835"
"Burkina Faso","2010","GDP","574.457935110229"
"Burkina Faso","2005","GDP","406.998804328341"
"Burkina Faso","2000","GDP","226.801584114402"
"Burkina Faso","1995","GDP","238.253063337097"
"Burkina Faso","1990","GDP","355.612641338313"
"Burundi","2012","GDP","229.876617284735"
"Burundi","2010","GDP","214.788083844868"
"Burundi","2005","GDP","140.768527842933"
"Burundi","2000","GDP","104.767605453413"
"Burundi","1995","GDP","160.31793157287"
"Burundi","1990","GDP","204.059607047337"
"Cabo Verde","2012","GDP","3497.68969754602"
"Cabo Verde","2010","GDP","3393.92721147673"
"Cabo Verde","2005","GDP","2330.94812095738"
"Cabo Verde","2000","GDP","1397.74938789429"
"Cabo Verde","1995","GDP","1433.74959739337"
"Cabo Verde","1990","GDP","1026.59384455898"
"Cambodia","2012","GDP","946.476671110759"
"Cambodia","2010","GDP","782.693041888966"
"Cambodia","2005","GDP","472.449013285857"
"Cambodia","2000","GDP","300.595681533763"
"Cambodia","1995","GDP","309.445854283988"
"Cambodia","1990","GDP","188.450070465299"
"Cameroon","2012","GDP","1222.19205625573"
"Cameroon","2010","GDP","1147.24229681565"
"Cameroon","2005","GDP","915.091213362733"
"Cameroon","2000","GDP","583.094859181938"
"Cameroon","1995","GDP","639.833689135262"
"Cameroon","1990","GDP","981.388008536758"
"Canada","2012","GDP","52561.3072351227"
"Canada","2010","GDP","47297.1901585353"
"Canada","2005","GDP","36091.5009771785"
"Canada","2000","GDP","24084.8572077534"
"Canada","1995","GDP","20546.55598475"
"Canada","1990","GDP","21401.857444151"
"Cayman Islands","2012","GDP","59402.1697541418"
"Cayman Islands","2010","GDP","58856.6992917843"
"Cayman Islands","2005","GDP","62558.1182126468"
"Cayman Islands","2000","GDP","54632.6269651966"
"Cayman Islands","1995","GDP","40929.6390279777"
"Cayman Islands","1990","GDP","37182.037264276"
"Central African Republic","2012","GDP","484.19742253692"
"Central African Republic","2010","GDP","457.553715646689"
"Central African Republic","2005","GDP","348.358545087851"
"Central African Republic","2000","GDP","256.795428971055"
"Central African Republic","1995","GDP","349.843069068925"
"Central African Republic","1990","GDP","513.099888491254"
"Chad","2012","GDP","893.600917115285"
"Chad","2010","GDP","823.034282539112"
"Chad","2005","GDP","663.553923768636"
"Chad","2000","GDP","188.865556729366"
"Chad","1995","GDP","234.699022086992"
"Chad","1990","GDP","307.765830923312"
"Chile","2012","GDP","15253.3307196354"
"Chile","2010","GDP","12785.0527101647"
"Chile","2005","GDP","7644.86003839236"
"Chile","2000","GDP","5100.91207480646"
"Chile","1995","GDP","5224.717431961"
"Chile","1990","GDP","2623.91899222449"
"China, Hong Kong SAR","2012","GDP","36980.30531816"
"China, Hong Kong SAR","2010","GDP","32692.6989415923"
"China, Hong Kong SAR","2005","GDP","26535.6569540694"
"China, Hong Kong SAR","2000","GDP","25306.8250792797"
"China, Hong Kong SAR","1995","GDP","23541.7586808017"
"China, Hong Kong SAR","1990","GDP","13277.2407999014"
"China, Macao Special Administrative Region","2012","GDP","77079.0611045573"
"China, Macao Special Administrative Region","2010","GDP","53045.9928646049"
"China, Macao Special Administrative Region","2005","GDP","25189.7686905218"
"China, Macao Special Administrative Region","2000","GDP","14894.2328104398"
"China, Macao Special Administrative Region","1995","GDP","17454.7896940219"
"China, Macao Special Administrative Region","1990","GDP","8823.7321017868"
"China","2012","GDP","6250.18996929143"
"China","2010","GDP","4478.39497111232"
"China","2005","GDP","1755.07886342565"
"China","2000","GDP","951.920837309185"
"China","1995","GDP","598.084837839912"
"China","1990","GDP","343.461195825909"
"Colombia","2012","GDP","7885.06123827954"
"Colombia","2010","GDP","6250.65438124107"
"Colombia","2005","GDP","3386.02547761041"
"Colombia","2000","GDP","2471.93024191785"
"Colombia","1995","GDP","2945.68799133857"
"Colombia","1990","GDP","1660.99438131213"
"Comoros","2012","GDP","778.105789870091"
"Comoros","2010","GDP","759.263222965797"
"Comoros","2005","GDP","623.564722525978"
"Comoros","2000","GDP","369.715842495911"
"Comoros","1995","GDP","483.546300973332"
"Comoros","1990","GDP","587.19892889554"
"Congo","2012","GDP","3186.12160893145"
"Congo","2010","GDP","3020.3666119667"
"Congo","2005","GDP","1737.5892508411"
"Congo","2000","GDP","1035.58446246684"
"Congo","1995","GDP","777.57753737445"
"Congo","1990","GDP","1172.75707168059"
"Cook Islands","2012","GDP","14981.2248804736"
"Cook Islands","2010","GDP","12578.673832038"
"Cook Islands","2005","GDP","9410.66947051351"
"Cook Islands","2000","GDP","5140.36441672549"
"Cook Islands","1995","GDP","5786.30611880251"
"Cook Islands","1990","GDP","3831.91605194268"
"Costa Rica","2012","GDP","9733.39691908324"
"Costa Rica","2010","GDP","7985.95103091839"
"Costa Rica","2005","GDP","4700.01492224318"
"Costa Rica","2000","GDP","4062.36628651997"
"Costa Rica","1995","GDP","3336.98076293754"
"Costa Rica","1990","GDP","2343.04848971961"
"Côte d'Ivoire","2012","GDP","1283.60675656501"
"Côte d'Ivoire","2010","GDP","1236.0848433501"
"Côte d'Ivoire","2005","GDP","942.216831175753"
"Côte d'Ivoire","2000","GDP","646.662388693317"
"Côte d'Ivoire","1995","GDP","770.94218222364"
"Côte d'Ivoire","1990","GDP","977.5541036379"
"Croatia","2012","GDP","13175.9232994507"
"Croatia","2010","GDP","13822.854009609"
"Croatia","2005","GDP","10373.5770018506"
"Croatia","2000","GDP","4917.34933939363"
"Croatia","1995","GDP","4849.23195350784"
"Croatia","1990","GDP","3479.35724869314"
"Cuba","2012","GDP","6448.15122699487"
"Cuba","2010","GDP","5688.64904577971"
"Cuba","2005","GDP","3786.82204824203"
"Cuba","2000","GDP","2749.51746399387"
"Cuba","1995","GDP","2790.05821548292"
"Cuba","1990","GDP","2706.97548464772"
"Curaçao","2012","GDP","20515.7687410952"
"Curaçao","2010","GDP","19994.7760433393"
"Curaçao","2005","GDP","18119.5758035859"
"Cyprus","2012","GDP","28954.2192630537"
"Cyprus","2010","GDP","30526.3385773996"
"Cyprus","2005","GDP","25523.0181980347"
"Cyprus","2000","GDP","14574.2664794641"
"Cyprus","1995","GDP","15081.8644343297"
"Cyprus","1990","GDP","10671.9287024973"
"Czech Republic","2012","GDP","19576.9015136407"
"Czech Republic","2010","GDP","19703.4308975347"
"Czech Republic","2005","GDP","13292.127484395"
"Czech Republic","2000","GDP","5989.43388614325"
"Czech Republic","1995","GDP","5760.27243202501"
"Czech Republic","1990","GDP","3905.10117210393"
"Democratic People's Republic of Korea","2012","GDP","643.119123757247"
"Democratic People's Republic of Korea","2010","GDP","569.836719025187"
"Democratic People's Republic of Korea","2005","GDP","547.855527144129"
"Democratic People's Republic of Korea","2000","GDP","461.956494218708"
"Democratic People's Republic of Korea","1995","GDP","222.251055256789"
"Democratic People's Republic of Korea","1990","GDP","734.858007070797"
"Democratic Republic of the Congo","2012","GDP","416.926817548348"
"Democratic Republic of the Congo","2010","GDP","328.669568978711"
"Democratic Republic of the Congo","2005","GDP","213.311771941187"
"Democratic Republic of the Congo","2000","GDP","172.298989246957"
"Democratic Republic of the Congo","1995","GDP","212.086578647029"
"Democratic Republic of the Congo","1990","GDP","424.129618292198"
"Denmark","2012","GDP","58027.814174036"
"Denmark","2010","GDP","57613.9030385385"
"Denmark","2005","GDP","48832.4329364206"
"Denmark","2000","GDP","30751.0679911653"
"Denmark","1995","GDP","35356.9350788973"
"Denmark","1990","GDP","26865.1524602659"
"Djibouti","2012","GDP","1471.26533098554"
"Djibouti","2010","GDP","1284.25847770101"
"Djibouti","2005","GDP","910.364507373486"
"Djibouti","2000","GDP","769.344935625989"
"Djibouti","1995","GDP","770.911950403146"
"Djibouti","1990","GDP","776.594318551012"
"Dominica","2012","GDP","7220.42681587914"
"Dominica","2010","GDP","6926.74351252063"
"Dominica","2005","GDP","5250.98260348182"
"Dominica","2000","GDP","4612.04369455062"
"Dominica","1995","GDP","3639.14520094099"
"Dominica","1990","GDP","2794.3047566233"
"Dominican Republic","2012","GDP","5951.8684966468"
"Dominican Republic","2010","GDP","5358.96794391476"
"Dominican Republic","2005","GDP","3860.55354710217"
"Dominican Republic","2000","GDP","2946.99188823767"
"Dominican Republic","1995","GDP","2097.61593205445"
"Dominican Republic","1990","GDP","1393.56792251542"
"Ecuador","2012","GDP","5702.16828789377"
"Ecuador","2010","GDP","4657.30173745799"
"Ecuador","2005","GDP","3021.94276733003"
"Ecuador","2000","GDP","1450.56284364469"
"Ecuador","1995","GDP","1985.9458442477"
"Ecuador","1990","GDP","1238.43245246051"
"Egypt","2012","GDP","3037.00625962292"
"Egypt","2010","GDP","2616.13568505762"
"Egypt","2005","GDP","1260.39039339353"
"Egypt","2000","GDP","1400.21624992163"
"Egypt","1995","GDP","1053.23191498976"
"Egypt","1990","GDP","636.282129803173"
"El Salvador","2012","GDP","3921.72060624156"
"El Salvador","2010","GDP","3547.07569573321"
"El Salvador","2005","GDP","2874.25626319317"
"El Salvador","2000","GDP","2259.90547565348"
"El Salvador","1995","GDP","1699.93503011321"
"El Salvador","1990","GDP","914.094639040289"
"Equatorial Guinea","2012","GDP","24831.6844707437"
"Equatorial Guinea","2010","GDP","18377.565088447"
"Equatorial Guinea","2005","GDP","11512.8547553669"
"Equatorial Guinea","2000","GDP","2217.81078624142"
"Equatorial Guinea","1995","GDP","371.081146242227"
"Equatorial Guinea","1990","GDP","353.027661505511"
"Eritrea","2012","GDP","632.020377546882"
"Eritrea","2010","GDP","451.426692978258"
"Eritrea","2005","GDP","262.074245376247"
"Eritrea","2000","GDP","199.81319417297"
"Eritrea","1995","GDP","202.182209980724"
"Eritrea","1990","GDP","105.922107881488"
"Estonia","2012","GDP","17473.2338979792"
"Estonia","2010","GDP","14642.506655812"
"Estonia","2005","GDP","10329.6150033095"
"Estonia","2000","GDP","4066.7714187954"
"Estonia","1995","GDP","3086.17504704267"
"Estonia","1990","GDP","3589.28822916806"
"Ethiopia","2012","GDP","457.857974987125"
"Ethiopia","2010","GDP","300.488260809471"
"Ethiopia","2005","GDP","158.776062339006"
"Ethiopia","2000","GDP","120.857422381328"
"Ethiopia","1995","GDP","132.550742737104"
"Ethiopia","1990","GDP","233.218238098651"
"Fiji","2012","GDP","4550.2825457328"
"Fiji","2010","GDP","3780.20676399573"
"Fiji","2005","GDP","3786.93776950791"
"Fiji","2000","GDP","2198.3319841083"
"Fiji","1995","GDP","2683.90094907191"
"Fiji","1990","GDP","1918.95542653697"
"Finland","2012","GDP","47322.2696440705"
"Finland","2010","GDP","46165.0500072335"
"Finland","2005","GDP","38966.1820724089"
"Finland","2000","GDP","24251.9527242163"
"Finland","1995","GDP","26270.7432109855"
"Finland","1990","GDP","28380.4291515867"
"Former Czechoslovakia","1990","GDP","3659.43120281927"
"Former Ethiopia","1990","GDP","225.413102212616"
"Former Sudan","2005","GDP","877.593742735351"
"Former Sudan","2000","GDP","376.505235664245"
"Former Sudan","1995","GDP","426.183371195824"
"Former Sudan","1990","GDP","490.375547547156"
"Former Yugoslavia","1990","GDP","3942.98495871721"
"France","2012","GDP","40794.7977183742"
"France","2010","GDP","40666.9643838836"
"France","2005","GDP","34832.899087123"
"France","2000","GDP","22339.8057759505"
"France","1995","GDP","26858.9630130907"
"France","1990","GDP","21794.5290674137"
"French Polynesia","2012","GDP","20719.065627602"
"French Polynesia","2010","GDP","22683.7221583503"
"French Polynesia","2005","GDP","22374.0334661265"
"French Polynesia","2000","GDP","15834.6269583914"
"French Polynesia","1995","GDP","20541.8324098365"
"French Polynesia","1990","GDP","17986.8980268006"
"Gabon","2012","GDP","9896.8313333006"
"Gabon","2010","GDP","8354.43479663911"
"Gabon","2005","GDP","6952.48419230603"
"Gabon","2000","GDP","4609.46994605046"
"Gabon","1995","GDP","5080.01517201452"
"Gabon","1990","GDP","6342.21169102847"
"Gambia","2012","GDP","504.98847275658"
"Gambia","2010","GDP","562.569098892366"
"Gambia","2005","GDP","433.29004764845"
"Gambia","2000","GDP","637.104271237533"
"Gambia","1995","GDP","737.511454071153"
"Gambia","1990","GDP","771.84979018123"
"Georgia","2012","GDP","3828.7462565469"
"Georgia","2010","GDP","2738.33019355445"
"Georgia","2005","GDP","1432.5238843931"
"Georgia","2000","GDP","644.653137027524"
"Georgia","1995","GDP","533.512316299197"
"Georgia","1990","GDP","1548.23293114492"
"Germany","2012","GDP","43982.4236306921"
"Germany","2010","GDP","42482.5203022964"
"Germany","2005","GDP","35217.8678840091"
"Germany","2000","GDP","23810.12775576"
"Germany","1995","GDP","31752.9053356432"
"Germany","1990","GDP","22352.8762869785"
"Ghana","2012","GDP","1641.8027210912"
"Ghana","2010","GDP","1323.07602315919"
"Ghana","2005","GDP","804.062464917448"
"Ghana","2000","GDP","424.187293971064"
"Ghana","1995","GDP","618.14233793468"
"Ghana","1990","GDP","682.419944774746"
"Greece","2012","GDP","22113.2440067976"
"Greece","2010","GDP","26782.4947900482"
"Greece","2005","GDP","22383.4150517875"
"Greece","2000","GDP","12058.1055597469"
"Greece","1995","GDP","12863.8271861327"
"Greece","1990","GDP","9662.00892320809"
"Greenland","2012","GDP","41814.9587280783"
"Greenland","2010","GDP","40450.4203421671"
"Greenland","2005","GDP","28968.6175018239"
"Greenland","2000","GDP","18693.1205427782"
"Greenland","1995","GDP","21298.1090193888"
"Greenland","1990","GDP","18017.809613329"
"Grenada","2012","GDP","7672.9408691182"
"Grenada","2010","GDP","7418.12821734868"
"Grenada","2005","GDP","6804.3157532332"
"Grenada","2000","GDP","5149.1759423269"
"Grenada","1995","GDP","2792.50167077294"
"Grenada","1990","GDP","2467.28127469014"
"Guatemala","2012","GDP","3278.62646679805"
"Guatemala","2010","GDP","2805.95815417615"
"Guatemala","2005","GDP","2064.03529795966"
"Guatemala","2000","GDP","1471.137570801"
"Guatemala","1995","GDP","1261.4782693814"
"Guatemala","1990","GDP","744.655792069595"
"Guinea","2012","GDP","493.405519565214"
"Guinea","2010","GDP","429.47286295204"
"Guinea","2005","GDP","291.922268693245"
"Guinea","2000","GDP","337.069739489788"
"Guinea","1995","GDP","464.728043969694"
"Guinea","1990","GDP","449.666462984663"
"Guinea-Bissau","2012","GDP","625.094791167375"
"Guinea-Bissau","2010","GDP","518.59836083724"
"Guinea-Bissau","2005","GDP","401.149881156566"
"Guinea-Bissau","2000","GDP","275.721239997163"
"Guinea-Bissau","1995","GDP","677.298086686818"
"Guinea-Bissau","1990","GDP","577.753574048267"
"Guyana","2012","GDP","3759.38104796187"
"Guyana","2010","GDP","2998.93985461059"
"Guyana","2005","GDP","1771.64631440129"
"Guyana","2000","GDP","1531.22146529077"
"Guyana","1995","GDP","1364.23640271104"
"Guyana","1990","GDP","877.290391399681"
"Haiti","2012","GDP","760.080516671094"
"Haiti","2010","GDP","670.803179738385"
"Haiti","2005","GDP","448.462313646306"
"Haiti","2000","GDP","428.637005610052"
"Haiti","1995","GDP","344.706832450701"
"Haiti","1990","GDP","436.113555256233"
"Honduras","2012","GDP","2395.0660356998"
"Honduras","2010","GDP","2110.8220208871"
"Honduras","2005","GDP","1418.13007960187"
"Honduras","2000","GDP","1151.24794560292"
"Honduras","1995","GDP","844.992831100489"
"Honduras","1990","GDP","741.795529973972"
"Hungary","2012","GDP","12770.8293735772"
"Hungary","2010","GDP","12990.1062037137"
"Hungary","2005","GDP","11146.1281231803"
"Hungary","2000","GDP","4613.59126953652"
"Hungary","1995","GDP","4464.0651872334"
"Hungary","1990","GDP","3563.88034869225"
"Iceland","2012","GDP","43890.5744936383"
"Iceland","2010","GDP","41619.9327752511"
"Iceland","2005","GDP","56443.4736382192"
"Iceland","2000","GDP","31736.476410799"
"Iceland","1995","GDP","26852.4365849505"
"Iceland","1990","GDP","25591.7564122373"
"India","2012","GDP","1479.28543411611"
"India","2010","GDP","1355.63709400442"
"India","2005","GDP","717.435226180077"
"India","2000","GDP","435.281808094598"
"India","1995","GDP","376.695456399237"
"India","1990","GDP","367.963546036992"
"Indonesia","2012","GDP","3700.52353809579"
"Indonesia","2010","GDP","3125.21993359851"
"Indonesia","2005","GDP","1345.26198927323"
"Indonesia","2000","GDP","830.584631324488"
"Indonesia","1995","GDP","1195.3435956941"
"Indonesia","1990","GDP","734.766569681281"
"Iran (Islamic Republic of)","2012","GDP","7710.51329981162"
"Iran (Islamic Republic of)","2010","GDP","6299.91875616038"
"Iran (Islamic Republic of)","2005","GDP","3135.18740531084"
"Iran (Islamic Republic of)","2000","GDP","1664.26126982562"
"Iran (Islamic Republic of)","1995","GDP","1896.0052448423"
"Iran (Islamic Republic of)","1990","GDP","1715.59565685494"
"Iraq","2012","GDP","5641.13123649182"
"Iraq","2010","GDP","3794.78034333932"
"Iraq","2005","GDP","1342.37696411734"
"Iraq","2000","GDP","716.801658169571"
"Iraq","1995","GDP","171.963386292748"
"Iraq","1990","GDP","977.149878004138"
"Ireland","2012","GDP","48127.0457595394"
"Ireland","2010","GDP","47660.1900719364"
"Ireland","2005","GDP","50285.0920975569"
"Ireland","2000","GDP","25987.7547820954"
"Ireland","1995","GDP","18988.5134479766"
"Ireland","1990","GDP","13853.9325067186"
"Israel","2012","GDP","33739.9129044942"
"Israel","2010","GDP","31578.4035152494"
"Israel","2005","GDP","21630.0026983737"
"Israel","2000","GDP","22015.6096293735"
"Israel","1995","GDP","18750.2353745544"
"Israel","1990","GDP","13154.7356922123"
"Italy","2012","GDP","34729.0063906398"
"Italy","2010","GDP","35688.7411695027"
"Italy","2005","GDP","31598.1917659281"
"Italy","2000","GDP","19987.2482511743"
"Italy","1995","GDP","20505.0365956545"
"Italy","1990","GDP","20660.6998189293"
"Jamaica","2012","GDP","5351.5499020418"
"Jamaica","2010","GDP","4822.00037379661"
"Jamaica","2005","GDP","4198.77868471554"
"Jamaica","2000","GDP","3463.36200468267"
"Jamaica","1995","GDP","2628.72906682035"
"Jamaica","1990","GDP","2021.06192012638"
"Japan","2012","GDP","46855.8951223374"
"Japan","2010","GDP","43188.2495533795"
"Japan","2005","GDP","36004.9757394484"
"Japan","2000","GDP","37634.4199360717"
"Japan","1995","GDP","42848.5305115773"
"Japan","1990","GDP","25388.27200481"
"Jordan","2012","GDP","4423.11734778584"
"Jordan","2010","GDP","4054.27065695229"
"Jordan","2005","GDP","2360.53031596066"
"Jordan","2000","GDP","1774.66709575968"
"Jordan","1995","GDP","1558.29573110757"
"Jordan","1990","GDP","1197.06002915414"
"Kazakhstan","2012","GDP","12098.6678469504"
"Kazakhstan","2010","GDP","9076.74336926922"
"Kazakhstan","2005","GDP","3696.90605289865"
"Kazakhstan","2000","GDP","1222.99078224294"
"Kazakhstan","1995","GDP","1291.14403881848"
"Kazakhstan","1990","GDP","1798.31309370014"
"Kenya","2012","GDP","1184.92312180155"
"Kenya","2010","GDP","991.851001638289"
"Kenya","2005","GDP","608.376687711405"
"Kenya","2000","GDP","465.617373680898"
"Kenya","1995","GDP","490.555554592805"
"Kenya","1990","GDP","540.150309422693"
"Kiribati","2012","GDP","1762.05449181255"
"Kiribati","2010","GDP","1515.39673932143"
"Kiribati","2005","GDP","1214.52864012497"
"Kiribati","2000","GDP","884.999671193026"
"Kiribati","1995","GDP","720.228852628238"
"Kiribati","1990","GDP","552.368197463443"
"Kosovo","2012","GDP","3644.4124052871"
"Kosovo","2010","GDP","3298.27777463841"
"Kosovo","2005","GDP","2107.61380654434"
"Kosovo","2000","GDP","870.839308873125"
"Kosovo","1995","GDP","2351.0733452504"
"Kosovo","1990","GDP","2731.19293587009"
"Kuwait","2012","GDP","50897.4453764014"
"Kuwait","2010","GDP","37724.1595230054"
"Kuwait","2005","GDP","35694.3817052274"
"Kuwait","2000","GDP","19548.2783998295"
"Kuwait","1995","GDP","16220.868391137"
"Kuwait","1990","GDP","8971.50358644605"
"Kyrgyzstan","2012","GDP","1169.41818310727"
"Kyrgyzstan","2010","GDP","877.354385298252"
"Kyrgyzstan","2005","GDP","480.942473722325"
"Kyrgyzstan","2000","GDP","276.512200940381"
"Kyrgyzstan","1995","GDP","324.880200603651"
"Kyrgyzstan","1990","GDP","594.459038366685"
"Lao People's Democratic Republic","2012","GDP","1451.75548148199"
"Lao People's Democratic Republic","2010","GDP","1077.16188446677"
"Lao People's Democratic Republic","2005","GDP","472.89437644553"
"Lao People's Democratic Republic","2000","GDP","311.687749509162"
"Lao People's Democratic Republic","1995","GDP","351.616874697481"
"Lao People's Democratic Republic","1990","GDP","203.791702828713"
"Latvia","2012","GDP","13759.4754528595"
"Latvia","2010","GDP","11357.6460188505"
"Latvia","2005","GDP","7588.05585960475"
"Latvia","2000","GDP","3346.02313459247"
"Latvia","1995","GDP","2171.91552718126"
"Latvia","1990","GDP","3629.47492900741"
"Lebanon","2012","GDP","8955.69947658688"
"Lebanon","2010","GDP","8858.31648608269"
"Lebanon","2005","GDP","5390.17095230576"
"Lebanon","2000","GDP","5155.06894558727"
"Lebanon","1995","GDP","3793.09747148404"
"Lebanon","1990","GDP","1091.44922381239"
"Lesotho","2012","GDP","1158.79939959093"
"Lesotho","2010","GDP","1087.94693246638"
"Lesotho","2005","GDP","710.517828531386"
"Lesotho","2000","GDP","415.498419457656"
"Lesotho","1995","GDP","489.907444204099"
"Lesotho","1990","GDP","340.925238771234"
"Liberia","2012","GDP","413.827173457784"
"Liberia","2010","GDP","271.349851818726"
"Liberia","2005","GDP","185.944890583053"
"Liberia","2000","GDP","182.519308650718"
"Liberia","1995","GDP","82.1308097759482"
"Liberia","1990","GDP","231.650136455913"
"Libya","2012","GDP","16100.4576840511"
"Libya","2010","GDP","12918.3424643078"
"Libya","2005","GDP","7834.37800152354"
"Libya","2000","GDP","7207.90774915468"
"Libya","1995","GDP","5799.76897575567"
"Libya","1990","GDP","7068.07340137808"
"Liechtenstein","2012","GDP","148299.847386148"
"Liechtenstein","2010","GDP","140101.967275207"
"Liechtenstein","2005","GDP","104968.334035632"
"Liechtenstein","2000","GDP","74631.6505530152"
"Liechtenstein","1995","GDP","78763.8153408202"
"Liechtenstein","1990","GDP","49452.3873813949"
"Lithuania","2012","GDP","14204.0582172144"
"Lithuania","2010","GDP","11889.9289417907"
"Lithuania","2005","GDP","7819.11792018986"
"Lithuania","2000","GDP","3309.86098010741"
"Lithuania","1995","GDP","1847.35212420678"
"Lithuania","1990","GDP","2774.02420078812"
"Luxembourg","2012","GDP","105143.512453635"
"Luxembourg","2010","GDP","103070.826197016"
"Luxembourg","2005","GDP","80761.578216188"
"Luxembourg","2000","GDP","49013.9554822446"
"Luxembourg","1995","GDP","53420.8921055427"
"Luxembourg","1990","GDP","34995.877857234"
"Madagascar","2012","GDP","444.958500508326"
"Madagascar","2010","GDP","414.275765136159"
"Madagascar","2005","GDP","275.476682066036"
"Madagascar","2000","GDP","246.283054166828"
"Madagascar","1995","GDP","234.887472078154"
"Madagascar","1990","GDP","266.742539130908"
"Malawi","2012","GDP","364.382496759561"
"Malawi","2010","GDP","471.207890617218"
"Malawi","2005","GDP","286.785151136523"
"Malawi","2000","GDP","281.452342011076"
"Malawi","1995","GDP","251.825102878162"
"Malawi","1990","GDP","336.516813945627"
"Malaysia","2012","GDP","10507.7805194958"
"Malaysia","2010","GDP","8802.91347704256"
"Malaysia","2005","GDP","5564.18547422684"
"Malaysia","2000","GDP","4166.54229424469"
"Malaysia","1995","GDP","4630.8900010075"
"Malaysia","1990","GDP","2611.87936028552"
"Maldives","2012","GDP","7350.39418366249"
"Maldives","2010","GDP","7013.35428380816"
"Maldives","2005","GDP","3671.88197434854"
"Maldives","2000","GDP","3134.57931592348"
"Maldives","1995","GDP","2210.62156754143"
"Maldives","1990","GDP","1247.27733983401"
"Mali","2012","GDP","641.79377495115"
"Mali","2010","GDP","619.76649307304"
"Mali","2005","GDP","425.910668256676"
"Mali","2000","GDP","240.378071380906"
"Mali","1995","GDP","271.566499085935"
"Mali","1990","GDP","295.881515764168"
"Malta","2012","GDP","22275.074550598"
"Malta","2010","GDP","21211.6059620995"
"Malta","2005","GDP","16099.7511578667"
"Malta","2000","GDP","10468.8791915659"
"Malta","1995","GDP","9928.60669032759"
"Malta","1990","GDP","7406.88815827984"
"Marshall Islands","2012","GDP","3803.90139186905"
"Marshall Islands","2010","GDP","3397.28274967575"
"Marshall Islands","2005","GDP","2676.69268892389"
"Marshall Islands","2000","GDP","2066.38584382968"
"Marshall Islands","1995","GDP","2366.32892983144"
"Marshall Islands","1990","GDP","1666.00980972516"
"Mauritania","2012","GDP","1282.78510128596"
"Mauritania","2010","GDP","1207.82745749005"
"Mauritania","2005","GDP","692.575965389969"
"Mauritania","2000","GDP","477.113580085449"
"Mauritania","1995","GDP","720.144397346873"
"Mauritania","1990","GDP","801.763401592795"
"Mauritius","2012","GDP","9093.02690966709"
"Mauritius","2010","GDP","7787.35215620007"
"Mauritius","2005","GDP","5309.89766759394"
"Mauritius","2000","GDP","3934.81340006201"
"Mauritius","1995","GDP","3625.44628092945"
"Mauritius","1990","GDP","2480.81503402875"
"Mexico","2012","GDP","9703.40171753924"
"Mexico","2010","GDP","8851.34467667257"
"Mexico","2005","GDP","7879.96498553813"
"Mexico","2000","GDP","6308.31136988778"
"Mexico","1995","GDP","3384.1049607144"
"Mexico","1990","GDP","3426.7082355263"
"Micronesia (Federated States of)","2012","GDP","3148.45971637235"
"Micronesia (Federated States of)","2010","GDP","2833.60764917631"
"Micronesia (Federated States of)","2005","GDP","2351.6602290062"
"Micronesia (Federated States of)","2000","GDP","2170.59379130597"
"Micronesia (Federated States of)","1995","GDP","2062.6819889174"
"Micronesia (Federated States of)","1990","GDP","1639.14004837487"
"Monaco","2012","GDP","153541.784174322"
"Monaco","2010","GDP","145538.052490083"
"Monaco","2005","GDP","124316.118600954"
"Monaco","2000","GDP","81355.4160728104"
"Monaco","1995","GDP","100009.508294043"
"Monaco","1990","GDP","82622.7563232569"
"Mongolia","2012","GDP","4377.2388701043"
"Mongolia","2010","GDP","2650.34688489059"
"Mongolia","2005","GDP","1158.13181754433"
"Mongolia","2000","GDP","549.849634345732"
"Mongolia","1995","GDP","730.018182331429"
"Mongolia","1990","GDP","786.700198970767"
"Montenegro","2012","GDP","6552.32457570748"
"Montenegro","2010","GDP","6654.76696602123"
"Montenegro","2005","GDP","3661.84072159981"
"Montenegro","2000","GDP","1600.25610344922"
"Montenegro","1995","GDP","1958.20466317542"
"Montenegro","1990","GDP","3491.27928033304"
"Montserrat","2012","GDP","12573.4481996907"
"Montserrat","2010","GDP","11207.5734122978"
"Montserrat","2005","GDP","10231.1228959753"
"Montserrat","2000","GDP","7251.96544405584"
"Montserrat","1995","GDP","6728.60448701242"
"Montserrat","1990","GDP","7025.92440773175"
"Morocco","2012","GDP","2979.17877842484"
"Morocco","2010","GDP","2903.2633517738"
"Morocco","2005","GDP","2058.37604296129"
"Morocco","2000","GDP","1343.69814578328"
"Morocco","1995","GDP","1425.81034699305"
"Morocco","1990","GDP","1215.21209349299"
"Mozambique","2012","GDP","593.219631565981"
"Mozambique","2010","GDP","417.501246287046"
"Mozambique","2005","GDP","365.597404841236"
"Mozambique","2000","GDP","274.655353682146"
"Mozambique","1995","GDP","161.613800969401"
"Mozambique","1990","GDP","263.621262546094"
"Myanmar","2012","GDP","1161.19695669153"
"Myanmar","2010","GDP","801.131050551383"
"Myanmar","2005","GDP","238.689592180924"
"Myanmar","2000","GDP","152.619212674696"
"Myanmar","1995","GDP","173.653544847843"
"Myanmar","1990","GDP","123.518900875972"
"Namibia","2012","GDP","5681.56870968788"
"Namibia","2010","GDP","5139.07405185789"
"Namibia","2005","GDP","3582.24883446437"
"Namibia","2000","GDP","2059.37477753041"
"Namibia","1995","GDP","2424.73306929315"
"Namibia","1990","GDP","1892.79259701758"
"Nauru","2012","GDP","11965.7430157371"
"Nauru","2010","GDP","6233.86615815402"
"Nauru","2005","GDP","2599.40815384635"
"Nauru","2000","GDP","2162.56188841978"
"Nauru","1995","GDP","3496.01831459282"
"Nauru","1990","GDP","5377.38112031289"
"Nepal","2012","GDP","651.888484667338"
"Nepal","2010","GDP","605.778606621533"
"Nepal","2005","GDP","323.788718341028"
"Nepal","2000","GDP","241.379322453142"
"Nepal","1995","GDP","211.978825778717"
"Nepal","1990","GDP","201.699348121974"
"Netherlands","2012","GDP","49491.3770457274"
"Netherlands","2010","GDP","50289.2924083478"
"Netherlands","2005","GDP","41546.1422582061"
"Netherlands","2000","GDP","25972.475619575"
"Netherlands","1995","GDP","28899.1102083915"
"Netherlands","1990","GDP","21070.1973245486"
"New Caledonia","2012","GDP","37160.4140804482"
"New Caledonia","2010","GDP","37976.1001452218"
"New Caledonia","2005","GDP","27269.8320900728"
"New Caledonia","2000","GDP","16245.6620205718"
"New Caledonia","1995","GDP","19178.0075420595"
"New Caledonia","1990","GDP","15008.220370701"
"New Zealand","2012","GDP","39815.4356438599"
"New Zealand","2010","GDP","33550.516165492"
"New Zealand","2005","GDP","27746.2213201296"
"New Zealand","2000","GDP","14110.9584760509"
"New Zealand","1995","GDP","17184.5973289634"
"New Zealand","1990","GDP","13374.4625442471"
"Nicaragua","2012","GDP","1779.86984440403"
"Nicaragua","2010","GDP","1523.47799594138"
"Nicaragua","2005","GDP","1175.11437327849"
"Nicaragua","2000","GDP","1016.47078390095"
"Nicaragua","1995","GDP","895.848421581719"
"Nicaragua","1990","GDP","860.611177568512"
"Niger","2012","GDP","393.643380712837"
"Niger","2010","GDP","351.006079127929"
"Niger","2005","GDP","249.825608529253"
"Niger","2000","GDP","153.864672000039"
"Niger","1995","GDP","190.811668580631"
"Niger","1990","GDP","333.402317174957"
"Nigeria","2012","GDP","2739.85268983398"
"Nigeria","2010","GDP","2314.96315159127"
"Nigeria","2005","GDP","1292.88968506263"
"Nigeria","2000","GDP","607.042991932566"
"Nigeria","1995","GDP","452.202570483375"
"Nigeria","1990","GDP","714.607939043848"
"Norway","2012","GDP","101567.87178734"
"Norway","2010","GDP","87610.9332076595"
"Norway","2005","GDP","66759.5538994376"
"Norway","2000","GDP","38141.3965976401"
"Norway","1995","GDP","34870.6043362467"
"Norway","1990","GDP","28317.6322086601"
"Oman","2012","GDP","21533.7836554024"
"Oman","2010","GDP","19920.6156159946"
"Oman","2005","GDP","12398.621130443"
"Oman","2000","GDP","8685.33557772524"
"Oman","1995","GDP","6227.61141546956"
"Oman","1990","GDP","6376.94114301528"
"Pakistan","2012","GDP","1209.98327595096"
"Pakistan","2010","GDP","1026.25207512988"
"Pakistan","2005","GDP","767.548127108059"
"Pakistan","2000","GDP","555.990348091933"
"Pakistan","1995","GDP","630.230423728658"
"Pakistan","1990","GDP","480.134815110159"
"Palau","2012","GDP","9851.36827905184"
"Palau","2010","GDP","9049.82901807523"
"Palau","2005","GDP","9038.2779926659"
"Palau","2000","GDP","7607.55001564619"
"Palau","1995","GDP","6716.7491161982"
"Palau","1990","GDP","5623.13526409968"
"Panama","2012","GDP","10672.3589548051"
"Panama","2010","GDP","7987.0523062246"
"Panama","2005","GDP","4659.02308949987"
"Panama","2000","GDP","3836.76307494409"
"Panama","1995","GDP","3302.22429947501"
"Panama","1990","GDP","2459.11702866439"
"Papua New Guinea","2012","GDP","2155.38622306501"
"Papua New Guinea","2010","GDP","1417.54642882775"
"Papua New Guinea","2005","GDP","799.453479693408"
"Papua New Guinea","2000","GDP","651.162302322628"
"Papua New Guinea","1995","GDP","1026.40275174909"
"Papua New Guinea","1990","GDP","790.211717086701"
"Paraguay","2012","GDP","3855.57218546178"
"Paraguay","2010","GDP","3228.32777882303"
"Paraguay","2005","GDP","1507.14594295387"
"Paraguay","2000","GDP","1338.06843571898"
"Paraguay","1995","GDP","1694.15795627408"
"Paraguay","1990","GDP","1104.14357686696"
"Peru","2012","GDP","6393.02691059495"
"Peru","2010","GDP","5006.86781173497"
"Peru","2005","GDP","2755.49785329696"
"Peru","2000","GDP","1986.37226096666"
"Peru","1995","GDP","2154.67484420574"
"Peru","1990","GDP","1294.71613132921"
"Philippines","2012","GDP","2606.19698414196"
"Philippines","2010","GDP","2145.24168506946"
"Philippines","2005","GDP","1196.53996429978"
"Philippines","2000","GDP","1039.69642840487"
"Philippines","1995","GDP","1175.9213962752"
"Philippines","1990","GDP","792.531188566699"
"Poland","2012","GDP","12955.9210317741"
"Poland","2010","GDP","12423.7584062227"
"Poland","2005","GDP","7914.2978360851"
"Poland","2000","GDP","4466.17536609566"
"Poland","1995","GDP","3683.11598568033"
"Poland","1990","GDP","1727.38061250816"
"Portugal","2012","GDP","20577.0660415017"
"Portugal","2010","GDP","22513.6620833377"
"Portugal","2005","GDP","18826.1455684979"
"Portugal","2000","GDP","11515.0961183067"
"Portugal","1995","GDP","11721.2569092308"
"Portugal","1990","GDP","7959.90760252887"
"Puerto Rico","2012","GDP","27482.0776940823"
"Puerto Rico","2010","GDP","26520.2224132544"
"Puerto Rico","2005","GDP","22310.9038927794"
"Puerto Rico","2000","GDP","16478.6801003218"
"Puerto Rico","1995","GDP","11721.0100500075"
"Puerto Rico","1990","GDP","8821.57109952746"
"Qatar","2012","GDP","94407.3469437251"
"Qatar","2010","GDP","70870.2622807393"
"Qatar","2005","GDP","53207.3395720651"
"Qatar","2000","GDP","29926.3633512513"
"Qatar","1995","GDP","16242.721509388"
"Qatar","1990","GDP","15447.5958185678"
"Republic of Korea","2012","GDP","24649.1722987142"
"Republic of Korea","2010","GDP","22295.7513964687"
"Republic of Korea","2005","GDP","18866.1052935663"
"Republic of Korea","2000","GDP","12154.9381757982"
"Republic of Korea","1995","GDP","12454.4509466535"
"Republic of Korea","1990","GDP","6500.65298322146"
"Republic of Moldova","2012","GDP","1787.75563691877"
"Republic of Moldova","2010","GDP","1422.85385787795"
"Republic of Moldova","2005","GDP","718.745334843491"
"Republic of Moldova","2000","GDP","306.66931258554"
"Republic of Moldova","1995","GDP","407.218789312568"
"Republic of Moldova","1990","GDP","911.428637698079"
"Romania","2012","GDP","8606.92076389298"
"Romania","2010","GDP","8276.24125545549"
"Romania","2005","GDP","4657.1815941604"
"Romania","2000","GDP","1691.91856785119"
"Romania","1995","GDP","1639.74576794037"
"Romania","1990","GDP","1728.07801201957"
"Russian Federation","2012","GDP","14070.3800228004"
"Russian Federation","2010","GDP","10651.9764434236"
"Russian Federation","2005","GDP","5319.60961132411"
"Russian Federation","2000","GDP","1774.01742048252"
"Russian Federation","1995","GDP","2693.79756763334"
"Russian Federation","1990","GDP","3869.34232549909"
"Rwanda","2012","GDP","667.414536264687"
"Rwanda","2010","GDP","553.5974513539"
"Rwanda","2005","GDP","286.567469434276"
"Rwanda","2000","GDP","216.244273810598"
"Rwanda","1995","GDP","208.045136717008"
"Rwanda","1990","GDP","335.415877653046"
"Saint Kitts and Nevis","2012","GDP","13642.4959166063"
"Saint Kitts and Nevis","2010","GDP","13226.9525378068"
"Saint Kitts and Nevis","2005","GDP","11053.7448191186"
"Saint Kitts and Nevis","2000","GDP","9214.53246677206"
"Saint Kitts and Nevis","1995","GDP","6987.96062267266"
"Saint Kitts and Nevis","1990","GDP","5112.05221629927"
"Saint Lucia","2012","GDP","7201.4299666464"
"Saint Lucia","2010","GDP","7014.19018526974"
"Saint Lucia","2005","GDP","5655.5222146763"
"Saint Lucia","2000","GDP","4983.64295266474"
"Saint Lucia","1995","GDP","4199.30092844477"
"Saint Lucia","1990","GDP","3364.83541328273"
"Saint Vincent and the Grenadines","2012","GDP","6337.77011183536"
"Saint Vincent and the Grenadines","2010","GDP","6231.71323231461"
"Saint Vincent and the Grenadines","2005","GDP","5064.22706994666"
"Saint Vincent and the Grenadines","2000","GDP","3672.60408503446"
"Saint Vincent and the Grenadines","1995","GDP","2887.4226747974"
"Saint Vincent and the Grenadines","1990","GDP","2178.93293343572"
"Samoa","2012","GDP","4236.31496638952"
"Samoa","2010","GDP","3656.21337929435"
"Samoa","2005","GDP","2413.52482255394"
"Samoa","2000","GDP","1322.90641101708"
"Samoa","1995","GDP","1151.23054265506"
"Samoa","1990","GDP","687.942938259672"
"San Marino","2012","GDP","57763.5645752414"
"San Marino","2010","GDP","69708.1402481604"
"San Marino","2005","GDP","69332.7670580771"
"San Marino","2000","GDP","41603.8026616354"
"San Marino","1995","GDP","39410.2366785199"
"San Marino","1990","GDP","34580.2292167494"
"Sao Tome and Principe","2012","GDP","1488.04800246873"
"Sao Tome and Principe","2010","GDP","1142.18230982886"
"Sao Tome and Principe","2005","GDP","824.012157228156"
"Sao Tome and Principe","2000","GDP","520.16200860344"
"Sao Tome and Principe","1995","GDP","772.462286076178"
"Sao Tome and Principe","1990","GDP","983.520321559338"
"Saudi Arabia","2012","GDP","24883.1897146534"
"Saudi Arabia","2010","GDP","18753.9812332079"
"Saudi Arabia","2005","GDP","13273.7125385739"
"Saudi Arabia","2000","GDP","8859.03569453014"
"Saudi Arabia","1995","GDP","7592.78773171837"
"Saudi Arabia","1990","GDP","7179.89530832011"
"Senegal","2012","GDP","1032.50023251067"
"Senegal","2010","GDP","997.598807489477"
"Senegal","2005","GDP","772.72339116445"
"Senegal","2000","GDP","474.577141579686"
"Senegal","1995","GDP","559.450838751578"
"Senegal","1990","GDP","825.736174439867"
"Serbia","2012","GDP","5659.38020403691"
"Serbia","2010","GDP","5411.8750830856"
"Serbia","2005","GDP","3528.13056705317"
"Serbia","2000","GDP","870.136525159338"
"Serbia","1995","GDP","2860.82202783208"
"Serbia","1990","GDP","5120.84899886095"
"Seychelles","2012","GDP","11999.4600282499"
"Seychelles","2010","GDP","10420.7493994536"
"Seychelles","2005","GDP","10356.5088499791"
"Seychelles","2000","GDP","9202.86041014586"
"Seychelles","1995","GDP","8004.88823169374"
"Seychelles","1990","GDP","6305.82443890941"
"Sierra Leone","2012","GDP","626.724174277026"
"Sierra Leone","2010","GDP","446.364826752489"
"Sierra Leone","2005","GDP","325.496564657518"
"Sierra Leone","2000","GDP","211.994831229052"
"Sierra Leone","1995","GDP","307.163445941388"
"Sierra Leone","1990","GDP","223.722288947018"
"Singapore","2012","GDP","54710.8581050907"
"Singapore","2010","GDP","46548.9425696625"
"Singapore","2005","GDP","28343.2322995574"
"Singapore","2000","GDP","24459.3335755249"
"Singapore","1995","GDP","25237.0255405534"
"Singapore","1990","GDP","12896.0676290782"
"Sint Maarten (Dutch part)","2012","GDP","28055.3971657752"
"Sint Maarten (Dutch part)","2010","GDP","26937.0717824391"
"Sint Maarten (Dutch part)","2005","GDP","21662.4714556192"
"Slovakia","2012","GDP","17182.1236104917"
"Slovakia","2010","GDP","16506.5462518734"
"Slovakia","2005","GDP","9062.84568447645"
"Slovakia","2000","GDP","3839.59058505068"
"Slovakia","1995","GDP","3721.66873408893"
"Slovakia","1990","GDP","3178.87736637736"
"Slovenia","2012","GDP","22415.2494131535"
"Slovenia","2010","GDP","23392.9708895025"
"Slovenia","2005","GDP","18204.1118275909"
"Slovenia","2000","GDP","10229.9403187521"
"Slovenia","1995","GDP","10682.6695276788"
"Slovenia","1990","GDP","9029.04200152027"
"Solomon Islands","2012","GDP","1777.03597771991"
"Solomon Islands","2010","GDP","1367.64419446058"
"Solomon Islands","2005","GDP","915.130072002114"
"Solomon Islands","2000","GDP","820.168468152228"
"Solomon Islands","1995","GDP","1015.10239229455"
"Solomon Islands","1990","GDP","667.386463644331"
"Somalia","2012","GDP","130.14974960951"
"Somalia","2010","GDP","111.7953658991"
"Somalia","2005","GDP","273.481145829738"
"Somalia","2000","GDP","277.851440900576"
"Somalia","1995","GDP","176.830285129904"
"Somalia","1990","GDP","157.249906563618"
"South Africa","2012","GDP","7520.98304831999"
"South Africa","2010","GDP","7271.1483948846"
"South Africa","2005","GDP","5331.04096072962"
"South Africa","2000","GDP","3037.21262981223"
"South Africa","1995","GDP","3752.66471133991"
"South Africa","1990","GDP","3140.56505744469"
"South Sudan","2012","GDP","944.282811578363"
"South Sudan","2010","GDP","1563.15756354511"
"Spain","2012","GDP","28731.3595957234"
"Spain","2010","GDP","30719.7806521357"
"Spain","2005","GDP","26388.1879204962"
"Spain","2000","GDP","14611.167647873"
"Spain","1995","GDP","15414.416434918"
"Spain","1990","GDP","13652.5253163064"
"Sri Lanka","2012","GDP","2908.23116592417"
"Sri Lanka","2010","GDP","2453.58110597118"
"Sri Lanka","2005","GDP","1249.91072061129"
"Sri Lanka","2000","GDP","889.965720845178"
"Sri Lanka","1995","GDP","732.264498664408"
"Sri Lanka","1990","GDP","473.396997736775"
"State of Palestine","2012","GDP","2624.4431486989"
"State of Palestine","2010","GDP","2190.60750396925"
"State of Palestine","2005","GDP","1349.86766167653"
"State of Palestine","2000","GDP","1338.05615207733"
"State of Palestine","1995","GDP","1253.80403563877"
"State of Palestine","1990","GDP","921.323244442583"
"Sudan","2012","GDP","1611.81604233333"
"Sudan","2010","GDP","1493.69679366192"
"Suriname","2012","GDP","9422.08408548386"
"Suriname","2010","GDP","8430.8660310605"
"Suriname","2005","GDP","4457.42612553934"
"Suriname","2000","GDP","2405.94707114684"
"Suriname","1995","GDP","1893.59904451491"
"Suriname","1990","GDP","1844.46212186209"
"Swaziland","2012","GDP","4043.91796967222"
"Swaziland","2010","GDP","3811.96552929364"
"Swaziland","2005","GDP","2896.85067933656"
"Swaziland","2000","GDP","1698.70068827402"
"Swaziland","1995","GDP","2004.99540040214"
"Swaziland","1990","GDP","1437.61548536928"
"Sweden","2012","GDP","56989.8987083406"
"Sweden","2010","GDP","52053.1048596011"
"Sweden","2005","GDP","43082.6005835202"
"Sweden","2000","GDP","29282.2863018709"
"Sweden","1995","GDP","29915.2067535135"
"Sweden","1990","GDP","30161.4082017521"
"Switzerland","2012","GDP","82941.4376774971"
"Switzerland","2010","GDP","74223.3623398514"
"Switzerland","2005","GDP","55009.4286088032"
"Switzerland","2000","GDP","37910.7977206038"
"Switzerland","1995","GDP","48705.4124023211"
"Switzerland","1990","GDP","38572.2355100812"
"Syrian Arab Republic","2012","GDP","2004.99392699936"
"Syrian Arab Republic","2010","GDP","2918.11560695601"
"Syrian Arab Republic","2005","GDP","1566.05326936397"
"Syrian Arab Republic","2000","GDP","1202.49830416957"
"Syrian Arab Republic","1995","GDP","945.210824853808"
"Syrian Arab Republic","1990","GDP","896.569080982974"
"Tajikistan","2012","GDP","962.436463468996"
"Tajikistan","2010","GDP","744.189892165439"
"Tajikistan","2005","GDP","339.769246014852"
"Tajikistan","2000","GDP","139.115561017652"
"Tajikistan","1995","GDP","210.587686702476"
"Tajikistan","1990","GDP","536.79823836304"
"Thailand","2012","GDP","5917.91904145352"
"Thailand","2010","GDP","5111.90555625296"
"Thailand","2005","GDP","2874.3833603125"
"Thailand","2000","GDP","2012.1422367734"
"Thailand","1995","GDP","2851.50795963319"
"Thailand","1990","GDP","1560.53364831204"
"The former Yugoslav Republic of Macedonia","2012","GDP","4709.51351745049"
"The former Yugoslav Republic of Macedonia","2010","GDP","4561.17314891434"
"The former Yugoslav Republic of Macedonia","2005","GDP","3063.59844832221"
"The former Yugoslav Republic of Macedonia","2000","GDP","1875.13394180084"
"The former Yugoslav Republic of Macedonia","1995","GDP","2409.48069570578"
"The former Yugoslav Republic of Macedonia","1990","GDP","1459.39161102544"
"Timor-Leste","2012","GDP","6176.52550822266"
"Timor-Leste","2010","GDP","3848.90424000257"
"Timor-Leste","2005","GDP","1869.42794672445"
"Timor-Leste","2000","GDP","534.455834321901"
"Timor-Leste","1995","GDP","526.841748215576"
"Timor-Leste","1990","GDP","282.417697988871"
"Togo","2012","GDP","577.701772831194"
"Togo","2010","GDP","496.435413225243"
"Togo","2005","GDP","378.295851674062"
"Togo","2000","GDP","265.478260108972"
"Togo","1995","GDP","337.560451549419"
"Togo","1990","GDP","472.41684039988"
"Tonga","2012","GDP","4444.60405016024"
"Tonga","2010","GDP","3596.77882004206"
"Tonga","2005","GDP","2593.24418762462"
"Tonga","2000","GDP","1933.43084479057"
"Tonga","1995","GDP","2119.57793749079"
"Tonga","1990","GDP","1703.35338461465"
"Trinidad and Tobago","2012","GDP","18322.3162323858"
"Trinidad and Tobago","2010","GDP","15840.3865561047"
"Trinidad and Tobago","2005","GDP","12323.2197036"
"Trinidad and Tobago","2000","GDP","6431.00850813758"
"Trinidad and Tobago","1995","GDP","4246.37198185077"
"Trinidad and Tobago","1990","GDP","4147.62534536265"
"Tunisia","2012","GDP","4140.53519832574"
"Tunisia","2010","GDP","4140.45781319822"
"Tunisia","2005","GDP","3194.48159736685"
"Tunisia","2000","GDP","2213.94585407428"
"Tunisia","1995","GDP","2171.97019976736"
"Tunisia","1990","GDP","1642.15296094371"
"Turkey","2012","GDP","10539.3648025051"
"Turkey","2010","GDP","10111.1905131295"
"Turkey","2005","GDP","7117.32271991892"
"Turkey","2000","GDP","4215.03768796868"
"Turkey","1995","GDP","3889.23026646004"
"Turkey","1990","GDP","3751.222544778"
"Turkmenistan","2012","GDP","6797.72116602833"
"Turkmenistan","2010","GDP","4392.71958330752"
"Turkmenistan","2005","GDP","2987.08866598379"
"Turkmenistan","2000","GDP","1095.72285812711"
"Turkmenistan","1995","GDP","522.955143374055"
"Turkmenistan","1990","GDP","838.577695024309"
"Turks and Caicos Islands","2012","GDP","22069.7810669134"
"Turks and Caicos Islands","2010","GDP","22159.4553608879"
"Turks and Caicos Islands","2005","GDP","21876.9754253308"
"Turks and Caicos Islands","2000","GDP","16923.235855054"
"Turks and Caicos Islands","1995","GDP","12423.5842572062"
"Turks and Caicos Islands","1990","GDP","9169.75021645022"
"Tuvalu","2012","GDP","4044.18946444615"
"Tuvalu","2010","GDP","3238.49611054575"
"Tuvalu","2005","GDP","2258.8342591206"
"Tuvalu","2000","GDP","1301.92752925261"
"Tuvalu","1995","GDP","1274.79179240416"
"Tuvalu","1990","GDP","1059.41807601916"
"Uganda","2012","GDP","689.597111232038"
"Uganda","2010","GDP","593.888801500526"
"Uganda","2005","GDP","391.697429380611"
"Uganda","2000","GDP","280.880241364945"
"Uganda","1995","GDP","344.729790686208"
"Uganda","1990","GDP","244.505544535133"
"Ukraine","2012","GDP","4028.94862506175"
"Ukraine","2010","GDP","3093.47001026016"
"Ukraine","2005","GDP","1907.00434290345"
"Ukraine","2000","GDP","664.155075153378"
"Ukraine","1995","GDP","991.476220109814"
"Ukraine","1990","GDP","1822.70924871171"
"United Arab Emirates","2012","GDP","41587.5128060251"
"United Arab Emirates","2010","GDP","34341.9051920992"
"United Arab Emirates","2005","GDP","40298.6245250431"
"United Arab Emirates","2000","GDP","34207.5718106568"
"United Arab Emirates","1995","GDP","27973.7189767651"
"United Arab Emirates","1990","GDP","27989.2652733867"
"United Kingdom of Great Britain and Northern Ireland","2012","GDP","41376.705309068"
"United Kingdom of Great Britain and Northern Ireland","2010","GDP","38324.4278842319"
"United Kingdom of Great Britain and Northern Ireland","2005","GDP","40175.1979111174"
"United Kingdom of Great Britain and Northern Ireland","2000","GDP","26410.8649947832"
"United Kingdom of Great Britain and Northern Ireland","1995","GDP","21373.802990667"
"United Kingdom of Great Britain and Northern Ireland","1990","GDP","19142.2075081375"
"United Republic of Tanzania: Mainland","2012","GDP","819.748707526944"
"United Republic of Tanzania: Mainland","2010","GDP","700.883092984432"
"United Republic of Tanzania: Mainland","2005","GDP","475.678797513962"
"United Republic of Tanzania: Mainland","2000","GDP","393.542244178382"
"United Republic of Tanzania: Mainland","1995","GDP","260.186426549206"
"United Republic of Tanzania: Mainland","1990","GDP","276.992698686788"
"United Republic of Tanzania: Zanzibar","2012","GDP","758.514646325824"
"United Republic of Tanzania: Zanzibar","2010","GDP","587.953096433752"
"United Republic of Tanzania: Zanzibar","2005","GDP","407.80582120422"
"United Republic of Tanzania: Zanzibar","2000","GDP","325.096597477395"
"United Republic of Tanzania: Zanzibar","1995","GDP","235.318646790497"
"United Republic of Tanzania: Zanzibar","1990","GDP","200.914838475804"
"United States of America","2012","GDP","51319.1939509808"
"United States of America","2010","GDP","48291.4836594243"
"United States of America","2005","GDP","44214.6827120929"
"United States of America","2000","GDP","36355.3723489955"
"United States of America","1995","GDP","28782.4422227791"
"United States of America","1990","GDP","23649.0084687702"
"Uruguay","2012","GDP","15127.3648459122"
"Uruguay","2010","GDP","11938.2377637251"
"Uruguay","2005","GDP","5220.9518915245"
"Uruguay","2000","GDP","6871.90200079448"
"Uruguay","1995","GDP","6608.82175743978"
"Uruguay","1990","GDP","2970.88666926258"
"Uzbekistan","2012","GDP","1823.08713020231"
"Uzbekistan","2010","GDP","1424.88144765012"
"Uzbekistan","2005","GDP","555.351044827018"
"Uzbekistan","2000","GDP","561.192722343663"
"Uzbekistan","1995","GDP","593.910007677282"
"Uzbekistan","1990","GDP","718.607787132755"
"Vanuatu","2012","GDP","3158.4209735273"
"Vanuatu","2010","GDP","2965.75120996754"
"Vanuatu","2005","GDP","1886.38773408597"
"Vanuatu","2000","GDP","1431.8495457615"
"Vanuatu","1995","GDP","1620.54097054649"
"Vanuatu","1990","GDP","1169.4771092188"
"Venezuela (Bolivarian Republic of)","2012","GDP","12771.5950361107"
"Venezuela (Bolivarian Republic of)","2010","GDP","13581.5621028975"
"Venezuela (Bolivarian Republic of)","2005","GDP","5435.87225994853"
"Venezuela (Bolivarian Republic of)","2000","GDP","4785.10614385053"
"Venezuela (Bolivarian Republic of)","1995","GDP","3375.09548642965"
"Venezuela (Bolivarian Republic of)","1990","GDP","2368.16354860182"
"Viet Nam","2012","GDP","1724.90240105029"
"Viet Nam","2010","GDP","1312.07185677616"
"Viet Nam","2005","GDP","684.449444131619"
"Viet Nam","2000","GDP","388.271898591628"
"Viet Nam","1995","GDP","275.751870446547"
"Viet Nam","1990","GDP","94.8802590275213"
"Yemen","2012","GDP","1289.03414056041"
"Yemen","2010","GDP","1310.0537682147"
"Yemen","2005","GDP","928.638580575006"
"Yemen","2000","GDP","610.53268494514"
"Yemen","1995","GDP","388.813914735246"
"Yemen","1990","GDP","337.442993017214"
"Yemen: Former Democratic Yemen","1990","GDP","268.23926809356"
"Yemen: Former Yemen Arab Republic","1990","GDP","384.942424874368"
"Zambia","2012","GDP","1686.63353451999"
"Zambia","2010","GDP","1456.11533330986"
"Zambia","2005","GDP","691.808944681735"
"Zambia","2000","GDP","340.156404450454"
"Zambia","1995","GDP","411.410489242567"
"Zambia","1990","GDP","466.013047884771"
"Zimbabwe","2012","GDP","850.826632445119"
"Zimbabwe","2010","GDP","674.268602380567"
"Zimbabwe","2005","GDP","479.262143285899"
"Zimbabwe","2000","GDP","603.885180625475"
"Zimbabwe","1995","GDP","816.760769454366"
"Zimbabwe","1990","GDP","1119.50624853895"
